identifiers,tune_family
1029,Hob or Nob
14252,Hob or Nob
25163,Hob or Nob
27315,Hob or Nob
27316,Hob or Nob
27842,Hob or Nob
29508,Hob or Nob
39472,Hob or Nob
75,Hob or Nob
12552,Hob or Nob
12553,Hob or Nob
12554,Hob or Nob
12556,Hob or Nob
12557,Hob or Nob
12558,Hob or Nob
12559,Hob or Nob
12560,Hob or Nob
21434,Hob or Nob
23677,Hob or Nob
24548,Hob or Nob
24549,Hob or Nob
24681,Hob or Nob
25452,Hob or Nob
25695,Hob or Nob
26044,Hob or Nob
26249,Hob or Nob
29406,Hob or Nob
31921,Hob or Nob
35686,Hob or Nob
42137,Hob or Nob
29348,Hob or Nob
29515,Hob or Nob
31916,Hob or Nob
32702,Hob or Nob
1805,Hob or Nob
27795,Hob or Nob
33355,Hob or Nob
33356,Hob or Nob
36399,Hob or Nob
38698,Hob or Nob
2479,Hob or Nob
15787,Hob or Nob
35452,Hob or Nob
1104,Blackbird
1996,Blackbird
4101,Blackbird
4508,Blackbird
14355,Blackbird
14356,Blackbird
14357,Blackbird
15415,Blackbird
17110,Blackbird
17111,Blackbird
17112,Blackbird
24050,Blackbird
26494,Blackbird
27198,Blackbird
28174,Blackbird
28821,Blackbird
31201,Blackbird
32399,Blackbird
34225,Blackbird
36690,Blackbird
39782,Blackbird
27066,Blackbird
249,Road to Lisdoonvarna
250,Road to Lisdoonvarna
12965,Road to Lisdoonvarna
12966,Road to Lisdoonvarna
12967,Road to Lisdoonvarna
12968,Road to Lisdoonvarna
12969,Road to Lisdoonvarna
12970,Road to Lisdoonvarna
12971,Road to Lisdoonvarna
12972,Road to Lisdoonvarna
21776,Road to Lisdoonvarna
25089,Road to Lisdoonvarna
27843,Road to Lisdoonvarna
32320,Road to Lisdoonvarna
36691,Road to Lisdoonvarna
36697,Road to Lisdoonvarna
41930,Road to Lisdoonvarna
2379,Road to Lisdoonvarna
15726,Road to Lisdoonvarna
21437,Road to Lisdoonvarna
34622,Road to Lisdoonvarna
10574,Road to Lisdoonvarna
507,Lord McDonald's
13430,Lord McDonald's
13431,Lord McDonald's
13432,Lord McDonald's
13433,Lord McDonald's
23658,Lord McDonald's
27913,Lord McDonald's
30618,Lord McDonald's
38959,Lord McDonald's
1075,Lord McDonald's
14304,Lord McDonald's
22684,Lord McDonald's
24427,Lord McDonald's
28608,Lord McDonald's
30507,Lord McDonald's
31614,Lord McDonald's
32753,Lord McDonald's
1729,Lord McDonald's
5064,Lord McDonald's
23964,Lord McDonald's
30965,Lord McDonald's
33566,Lord McDonald's
10105,Johnny Cope
20222,Johnny Cope
20223,Johnny Cope
20224,Johnny Cope
2327,Johnny Cope
4953,Johnny Cope
15700,Johnny Cope
15701,Johnny Cope
15702,Johnny Cope
17346,Johnny Cope
25702,Johnny Cope
34131,Johnny Cope
40691,Johnny Cope
40702,Johnny Cope
41612,Johnny Cope
42095,Johnny Cope
16832,Johnny Cope
21469,Johnny Cope
35948,Johnny Cope
38611,Johnny Cope
1128,Johnny Cope
14388,Johnny Cope
553,Johnny Cope
13516,Johnny Cope
13517,Johnny Cope
20770,Johnny Cope
24821,Johnny Cope
30531,Johnny Cope
32089,Johnny Cope
2204,O'Sullivan's March
15569,O'Sullivan's March
15570,O'Sullivan's March
15571,O'Sullivan's March
15572,O'Sullivan's March
15573,O'Sullivan's March
15574,O'Sullivan's March
22666,O'Sullivan's March
22667,O'Sullivan's March
22668,O'Sullivan's March
25092,O'Sullivan's March
27381,O'Sullivan's March
32109,O'Sullivan's March
32487,O'Sullivan's March
34265,O'Sullivan's March
35995,O'Sullivan's March
40433,O'Sullivan's March
42104,O'Sullivan's March
22289,O'Sullivan's March
22296,O'Sullivan's March
3822,O'Sullivan's March
16754,O'Sullivan's March
29647,O'Sullivan's March
370,Jenny's Welcome to Charlie
13179,Jenny's Welcome to Charlie
13180,Jenny's Welcome to Charlie
22961,Jenny's Welcome to Charlie
24754,Jenny's Welcome to Charlie
29604,Jenny's Welcome to Charlie
33011,Jenny's Welcome to Charlie
40380,Jenny's Welcome to Charlie
5194,Jenny's Welcome to Charlie
1424,Jenny's Welcome to Charlie
1682,Jenny's Welcome to Charlie
9850,Jenny's Welcome to Charlie
24747,Jenny's Welcome to Charlie
34293,Jenny's Welcome to Charlie
41051,Jenny's Welcome to Charlie
1272,Jenny's Welcome to Charlie
14585,Jenny's Welcome to Charlie
14586,Jenny's Welcome to Charlie
22924,Jenny's Welcome to Charlie
26779,Jenny's Welcome to Charlie
40434,Jenny's Welcome to Charlie
202,Jenny's Welcome to Charlie
1357,Jenny's Welcome to Charlie
12862,Jenny's Welcome to Charlie
12863,Jenny's Welcome to Charlie
12864,Jenny's Welcome to Charlie
12865,Jenny's Welcome to Charlie
14709,Jenny's Welcome to Charlie
14710,Jenny's Welcome to Charlie
24195,Jenny's Welcome to Charlie
25776,Jenny's Welcome to Charlie
27336,Jenny's Welcome to Charlie
28852,Jenny's Welcome to Charlie
29417,Jenny's Welcome to Charlie
29543,Jenny's Welcome to Charlie
31218,Jenny's Welcome to Charlie
31925,Jenny's Welcome to Charlie
33110,Jenny's Welcome to Charlie
34110,Jenny's Welcome to Charlie
37501,Jenny's Welcome to Charlie
37509,Jenny's Welcome to Charlie
41560,Jenny's Welcome to Charlie
11942,Jenny's Welcome to Charlie
1029,Hob or Nob
14252,Hob or Nob
25163,Hob or Nob
27315,Hob or Nob
27316,Hob or Nob
27842,Hob or Nob
29508,Hob or Nob
39472,Hob or Nob
75,Hob or Nob
12552,Hob or Nob
12553,Hob or Nob
12554,Hob or Nob
12556,Hob or Nob
12557,Hob or Nob
12558,Hob or Nob
12559,Hob or Nob
12560,Hob or Nob
21434,Hob or Nob
23677,Hob or Nob
24548,Hob or Nob
24549,Hob or Nob
24681,Hob or Nob
25452,Hob or Nob
25695,Hob or Nob
26044,Hob or Nob
26249,Hob or Nob
29406,Hob or Nob
31921,Hob or Nob
35686,Hob or Nob
42137,Hob or Nob
29348,Hob or Nob
29515,Hob or Nob
31916,Hob or Nob
32702,Hob or Nob
1805,Hob or Nob
27795,Hob or Nob
33355,Hob or Nob
33356,Hob or Nob
36399,Hob or Nob
38698,Hob or Nob
2479,Hob or Nob
15787,Hob or Nob
35452,Hob or Nob
1104,Blackbird
1996,Blackbird
4101,Blackbird
4508,Blackbird
14355,Blackbird
14356,Blackbird
14357,Blackbird
15415,Blackbird
17110,Blackbird
17111,Blackbird
17112,Blackbird
24050,Blackbird
26494,Blackbird
27198,Blackbird
28174,Blackbird
28821,Blackbird
31201,Blackbird
32399,Blackbird
34225,Blackbird
36690,Blackbird
39782,Blackbird
27066,Blackbird
249,Road to Lisdoonvarna
250,Road to Lisdoonvarna
12965,Road to Lisdoonvarna
12966,Road to Lisdoonvarna
12967,Road to Lisdoonvarna
12968,Road to Lisdoonvarna
12969,Road to Lisdoonvarna
12970,Road to Lisdoonvarna
12971,Road to Lisdoonvarna
12972,Road to Lisdoonvarna
21776,Road to Lisdoonvarna
25089,Road to Lisdoonvarna
27843,Road to Lisdoonvarna
32320,Road to Lisdoonvarna
36691,Road to Lisdoonvarna
36697,Road to Lisdoonvarna
41930,Road to Lisdoonvarna
2379,Road to Lisdoonvarna
15726,Road to Lisdoonvarna
21437,Road to Lisdoonvarna
34622,Road to Lisdoonvarna
10574,Road to Lisdoonvarna
507,Lord McDonald's
13430,Lord McDonald's
13431,Lord McDonald's
13432,Lord McDonald's
13433,Lord McDonald's
23658,Lord McDonald's
27913,Lord McDonald's
30618,Lord McDonald's
38959,Lord McDonald's
1075,Lord McDonald's
14304,Lord McDonald's
22684,Lord McDonald's
24427,Lord McDonald's
28608,Lord McDonald's
30507,Lord McDonald's
31614,Lord McDonald's
32753,Lord McDonald's
1729,Lord McDonald's
5064,Lord McDonald's
23964,Lord McDonald's
30965,Lord McDonald's
33566,Lord McDonald's
10105,Johnny Cope
20222,Johnny Cope
20223,Johnny Cope
20224,Johnny Cope
2327,Johnny Cope
4953,Johnny Cope
15700,Johnny Cope
15701,Johnny Cope
15702,Johnny Cope
17346,Johnny Cope
25702,Johnny Cope
34131,Johnny Cope
40691,Johnny Cope
40702,Johnny Cope
41612,Johnny Cope
42095,Johnny Cope
16832,Johnny Cope
21469,Johnny Cope
35948,Johnny Cope
38611,Johnny Cope
1128,Johnny Cope
14388,Johnny Cope
553,Johnny Cope
13516,Johnny Cope
13517,Johnny Cope
20770,Johnny Cope
24821,Johnny Cope
30531,Johnny Cope
32089,Johnny Cope
2204,O'Sullivan's March
15569,O'Sullivan's March
15570,O'Sullivan's March
15571,O'Sullivan's March
15572,O'Sullivan's March
15573,O'Sullivan's March
15574,O'Sullivan's March
22666,O'Sullivan's March
22667,O'Sullivan's March
22668,O'Sullivan's March
25092,O'Sullivan's March
27381,O'Sullivan's March
32109,O'Sullivan's March
32487,O'Sullivan's March
34265,O'Sullivan's March
35995,O'Sullivan's March
40433,O'Sullivan's March
42104,O'Sullivan's March
22289,O'Sullivan's March
22296,O'Sullivan's March
3822,O'Sullivan's March
16754,O'Sullivan's March
29647,O'Sullivan's March
370,Jenny's Welcome to Charlie
13179,Jenny's Welcome to Charlie
13180,Jenny's Welcome to Charlie
22961,Jenny's Welcome to Charlie
24754,Jenny's Welcome to Charlie
29604,Jenny's Welcome to Charlie
33011,Jenny's Welcome to Charlie
40380,Jenny's Welcome to Charlie
5194,Jenny's Welcome to Charlie
1424,Jenny's Welcome to Charlie
1682,Jenny's Welcome to Charlie
9850,Jenny's Welcome to Charlie
24747,Jenny's Welcome to Charlie
34293,Jenny's Welcome to Charlie
41051,Jenny's Welcome to Charlie
1272,Jenny's Welcome to Charlie
14585,Jenny's Welcome to Charlie
14586,Jenny's Welcome to Charlie
22924,Jenny's Welcome to Charlie
26779,Jenny's Welcome to Charlie
40434,Jenny's Welcome to Charlie
202,Jenny's Welcome to Charlie
1357,Jenny's Welcome to Charlie
12862,Jenny's Welcome to Charlie
12863,Jenny's Welcome to Charlie
12864,Jenny's Welcome to Charlie
12865,Jenny's Welcome to Charlie
14709,Jenny's Welcome to Charlie
14710,Jenny's Welcome to Charlie
24195,Jenny's Welcome to Charlie
25776,Jenny's Welcome to Charlie
27336,Jenny's Welcome to Charlie
28852,Jenny's Welcome to Charlie
29417,Jenny's Welcome to Charlie
29543,Jenny's Welcome to Charlie
31218,Jenny's Welcome to Charlie
31925,Jenny's Welcome to Charlie
33110,Jenny's Welcome to Charlie
34110,Jenny's Welcome to Charlie
37501,Jenny's Welcome to Charlie
37509,Jenny's Welcome to Charlie
41560,Jenny's Welcome to Charlie
11942,Jenny's Welcome to Charlie
1029,Hob or Nob
14252,Hob or Nob
25163,Hob or Nob
27315,Hob or Nob
27316,Hob or Nob
27842,Hob or Nob
29508,Hob or Nob
39472,Hob or Nob
75,Hob or Nob
12552,Hob or Nob
12553,Hob or Nob
12554,Hob or Nob
12556,Hob or Nob
12557,Hob or Nob
12558,Hob or Nob
12559,Hob or Nob
12560,Hob or Nob
21434,Hob or Nob
23677,Hob or Nob
24548,Hob or Nob
24549,Hob or Nob
24681,Hob or Nob
25452,Hob or Nob
25695,Hob or Nob
26044,Hob or Nob
26249,Hob or Nob
29406,Hob or Nob
31921,Hob or Nob
35686,Hob or Nob
42137,Hob or Nob
29348,Hob or Nob
29515,Hob or Nob
31916,Hob or Nob
32702,Hob or Nob
1805,Hob or Nob
27795,Hob or Nob
33355,Hob or Nob
33356,Hob or Nob
36399,Hob or Nob
38698,Hob or Nob
2479,Hob or Nob
15787,Hob or Nob
35452,Hob or Nob
1104,Blackbird
1996,Blackbird
4101,Blackbird
4508,Blackbird
14355,Blackbird
14356,Blackbird
14357,Blackbird
15415,Blackbird
17110,Blackbird
17111,Blackbird
17112,Blackbird
24050,Blackbird
26494,Blackbird
27198,Blackbird
28174,Blackbird
28821,Blackbird
31201,Blackbird
32399,Blackbird
34225,Blackbird
36690,Blackbird
39782,Blackbird
27066,Blackbird
249,Road to Lisdoonvarna
250,Road to Lisdoonvarna
12965,Road to Lisdoonvarna
12966,Road to Lisdoonvarna
12967,Road to Lisdoonvarna
12968,Road to Lisdoonvarna
12969,Road to Lisdoonvarna
12970,Road to Lisdoonvarna
12971,Road to Lisdoonvarna
12972,Road to Lisdoonvarna
21776,Road to Lisdoonvarna
25089,Road to Lisdoonvarna
27843,Road to Lisdoonvarna
32320,Road to Lisdoonvarna
36691,Road to Lisdoonvarna
36697,Road to Lisdoonvarna
41930,Road to Lisdoonvarna
2379,Road to Lisdoonvarna
15726,Road to Lisdoonvarna
21437,Road to Lisdoonvarna
34622,Road to Lisdoonvarna
10574,Road to Lisdoonvarna
507,Lord McDonald's
13430,Lord McDonald's
13431,Lord McDonald's
13432,Lord McDonald's
13433,Lord McDonald's
23658,Lord McDonald's
27913,Lord McDonald's
30618,Lord McDonald's
38959,Lord McDonald's
1075,Lord McDonald's
14304,Lord McDonald's
22684,Lord McDonald's
24427,Lord McDonald's
28608,Lord McDonald's
30507,Lord McDonald's
31614,Lord McDonald's
32753,Lord McDonald's
1729,Lord McDonald's
5064,Lord McDonald's
23964,Lord McDonald's
30965,Lord McDonald's
33566,Lord McDonald's
10105,Johnny Cope
20222,Johnny Cope
20223,Johnny Cope
20224,Johnny Cope
2327,Johnny Cope
4953,Johnny Cope
15700,Johnny Cope
15701,Johnny Cope
15702,Johnny Cope
17346,Johnny Cope
25702,Johnny Cope
34131,Johnny Cope
40691,Johnny Cope
40702,Johnny Cope
41612,Johnny Cope
42095,Johnny Cope
16832,Johnny Cope
21469,Johnny Cope
35948,Johnny Cope
38611,Johnny Cope
1128,Johnny Cope
14388,Johnny Cope
553,Johnny Cope
13516,Johnny Cope
13517,Johnny Cope
20770,Johnny Cope
24821,Johnny Cope
30531,Johnny Cope
32089,Johnny Cope
2204,O'Sullivan's March
15569,O'Sullivan's March
15570,O'Sullivan's March
15571,O'Sullivan's March
15572,O'Sullivan's March
15573,O'Sullivan's March
15574,O'Sullivan's March
22666,O'Sullivan's March
22667,O'Sullivan's March
22668,O'Sullivan's March
25092,O'Sullivan's March
27381,O'Sullivan's March
32109,O'Sullivan's March
32487,O'Sullivan's March
34265,O'Sullivan's March
35995,O'Sullivan's March
40433,O'Sullivan's March
42104,O'Sullivan's March
22289,O'Sullivan's March
22296,O'Sullivan's March
3822,O'Sullivan's March
16754,O'Sullivan's March
29647,O'Sullivan's March
370,Jenny's Welcome to Charlie
13179,Jenny's Welcome to Charlie
13180,Jenny's Welcome to Charlie
22961,Jenny's Welcome to Charlie
24754,Jenny's Welcome to Charlie
29604,Jenny's Welcome to Charlie
33011,Jenny's Welcome to Charlie
40380,Jenny's Welcome to Charlie
5194,Jenny's Welcome to Charlie
1424,Jenny's Welcome to Charlie
1682,Jenny's Welcome to Charlie
9850,Jenny's Welcome to Charlie
24747,Jenny's Welcome to Charlie
34293,Jenny's Welcome to Charlie
41051,Jenny's Welcome to Charlie
1272,Jenny's Welcome to Charlie
14585,Jenny's Welcome to Charlie
14586,Jenny's Welcome to Charlie
22924,Jenny's Welcome to Charlie
26779,Jenny's Welcome to Charlie
40434,Jenny's Welcome to Charlie
202,Jenny's Welcome to Charlie
1357,Jenny's Welcome to Charlie
12862,Jenny's Welcome to Charlie
12863,Jenny's Welcome to Charlie
12864,Jenny's Welcome to Charlie
12865,Jenny's Welcome to Charlie
14709,Jenny's Welcome to Charlie
14710,Jenny's Welcome to Charlie
24195,Jenny's Welcome to Charlie
25776,Jenny's Welcome to Charlie
27336,Jenny's Welcome to Charlie
28852,Jenny's Welcome to Charlie
29417,Jenny's Welcome to Charlie
29543,Jenny's Welcome to Charlie
31218,Jenny's Welcome to Charlie
31925,Jenny's Welcome to Charlie
33110,Jenny's Welcome to Charlie
34110,Jenny's Welcome to Charlie
37501,Jenny's Welcome to Charlie
37509,Jenny's Welcome to Charlie
41560,Jenny's Welcome to Charlie
11942,Jenny's Welcome to Charlie
27,Drowsy Maggie
12406,Drowsy Maggie
12407,Drowsy Maggie
12408,Drowsy Maggie
12409,Drowsy Maggie
12410,Drowsy Maggie
12411,Drowsy Maggie
12412,Drowsy Maggie
12413,Drowsy Maggie
12414,Drowsy Maggie
12415,Drowsy Maggie
20867,Drowsy Maggie
21232,Drowsy Maggie
23223,Drowsy Maggie
23242,Drowsy Maggie
23248,Drowsy Maggie
24826,Drowsy Maggie
27945,Drowsy Maggie
27946,Drowsy Maggie
29583,Drowsy Maggie
31098,Drowsy Maggie
31476,Drowsy Maggie
35491,Drowsy Maggie
37487,Drowsy Maggie
39017,Drowsy Maggie
39098,Drowsy Maggie
39125,Drowsy Maggie
787,Drowsy Maggie
13917,Drowsy Maggie
13918,Drowsy Maggie
13919,Drowsy Maggie
13920,Drowsy Maggie
13921,Drowsy Maggie
13922,Drowsy Maggie
30744,Drowsy Maggie
37408,Drowsy Maggie
6084,Drowsy Maggie
566,Gilderoy
13540,Gilderoy
13541,Gilderoy
13542,Gilderoy
13544,Gilderoy
13545,Gilderoy
31436,Gilderoy
33252,Gilderoy
33337,Gilderoy
34784,Gilderoy
39254,Gilderoy
1627,Gilderoy
11695,Gilderoy
15048,Gilderoy
15049,Gilderoy
15050,Gilderoy
21366,Gilderoy
21425,Gilderoy
29100,Gilderoy
84,Gilderoy
5846,Gilderoy
12586,Gilderoy
12587,Gilderoy
12588,Gilderoy
12589,Gilderoy
12590,Gilderoy
22215,Gilderoy
22229,Gilderoy
22230,Gilderoy
34240,Gilderoy
36242,Gilderoy
38869,Gilderoy
10561,Gilderoy
32769,Gilderoy
32770,Gilderoy
36326,Gilderoy
6643,Gilderoy
18298,Gilderoy
31326,Gilderoy
2372,Gilderoy
15719,Gilderoy
21389,Gilderoy
32737,Gilderoy
41368,Gilderoy
41369,Gilderoy
42402,Gilderoy
9639,Greig's Pipes
20077,Greig's Pipes
22351,Greig's Pipes
26607,Greig's Pipes
32647,Greig's Pipes
605,Greig's Pipes
13622,Greig's Pipes
13623,Greig's Pipes
13624,Greig's Pipes
20783,Greig's Pipes
20784,Greig's Pipes
21375,Greig's Pipes
21914,Greig's Pipes
22923,Greig's Pipes
23846,Greig's Pipes
28229,Greig's Pipes
31833,Greig's Pipes
33362,Greig's Pipes
33363,Greig's Pipes
34044,Greig's Pipes
41651,Greig's Pipes
511,Greig's Pipes
13438,Greig's Pipes
13439,Greig's Pipes
22807,Greig's Pipes
22808,Greig's Pipes
28196,Greig's Pipes
30575,Greig's Pipes
27,Drowsy Maggie
12406,Drowsy Maggie
12407,Drowsy Maggie
12408,Drowsy Maggie
12409,Drowsy Maggie
12410,Drowsy Maggie
12411,Drowsy Maggie
12412,Drowsy Maggie
12413,Drowsy Maggie
12414,Drowsy Maggie
12415,Drowsy Maggie
20867,Drowsy Maggie
21232,Drowsy Maggie
23223,Drowsy Maggie
23242,Drowsy Maggie
23248,Drowsy Maggie
24826,Drowsy Maggie
27945,Drowsy Maggie
27946,Drowsy Maggie
29583,Drowsy Maggie
31098,Drowsy Maggie
31476,Drowsy Maggie
35491,Drowsy Maggie
37487,Drowsy Maggie
39017,Drowsy Maggie
39098,Drowsy Maggie
39125,Drowsy Maggie
787,Drowsy Maggie
13917,Drowsy Maggie
13918,Drowsy Maggie
13919,Drowsy Maggie
13920,Drowsy Maggie
13921,Drowsy Maggie
13922,Drowsy Maggie
30744,Drowsy Maggie
37408,Drowsy Maggie
6084,Drowsy Maggie
566,Gilderoy
13540,Gilderoy
13541,Gilderoy
13542,Gilderoy
13544,Gilderoy
13545,Gilderoy
31436,Gilderoy
33252,Gilderoy
33337,Gilderoy
34784,Gilderoy
39254,Gilderoy
1627,Gilderoy
11695,Gilderoy
15048,Gilderoy
15049,Gilderoy
15050,Gilderoy
21366,Gilderoy
21425,Gilderoy
29100,Gilderoy
84,Gilderoy
5846,Gilderoy
12586,Gilderoy
12587,Gilderoy
12588,Gilderoy
12589,Gilderoy
12590,Gilderoy
22215,Gilderoy
22229,Gilderoy
22230,Gilderoy
34240,Gilderoy
36242,Gilderoy
38869,Gilderoy
10561,Gilderoy
32769,Gilderoy
32770,Gilderoy
36326,Gilderoy
6643,Gilderoy
18298,Gilderoy
31326,Gilderoy
2372,Gilderoy
15719,Gilderoy
21389,Gilderoy
32737,Gilderoy
41368,Gilderoy
41369,Gilderoy
42402,Gilderoy
9639,Greig's Pipes
20077,Greig's Pipes
22351,Greig's Pipes
26607,Greig's Pipes
32647,Greig's Pipes
605,Greig's Pipes
13622,Greig's Pipes
13623,Greig's Pipes
13624,Greig's Pipes
20783,Greig's Pipes
20784,Greig's Pipes
21375,Greig's Pipes
21914,Greig's Pipes
22923,Greig's Pipes
23846,Greig's Pipes
28229,Greig's Pipes
31833,Greig's Pipes
33362,Greig's Pipes
33363,Greig's Pipes
34044,Greig's Pipes
41651,Greig's Pipes
511,Greig's Pipes
13438,Greig's Pipes
13439,Greig's Pipes
22807,Greig's Pipes
22808,Greig's Pipes
28196,Greig's Pipes
30575,Greig's Pipes